,word1,word2,similarity,w2v
0,access,gateway,3.791666667,0.31571934
1,account,explanation,2.0,0.24153918
2,account,invoice,3.75,0.2764432
3,account,statement,3.681818182,0.19284523
4,acoustic,remedy,1.227272727,0.03152404
5,acrylic,cloth,2.739130435,0.42509243
6,action,adjustment,2.0,0.1625476
7,action,entrance,1.583333333,-0.0055555496
8,activity,event,4.083333333,0.15490644
9,activity,music,2.681818182,0.1232069
10,activity,skiing,3.45,0.122539714
11,addition,segment,2.5,0.18382153
12,adhesive,glue,4.608695652,0.5828512
13,adult,dentist,2.47826087,0.16337624
14,adult,doctor,2.782608696,0.14563732
15,afternoon,substance,1.0,0.09629165
16,age,childhood,3.782608696,0.32420495
17,agency,army,2.916666667,0.13402475
18,agency,office,3.857142857,0.34105328
19,agency,police,3.19047619,0.17157072
20,agent,spy,4.0,0.22239892
21,agreement,contract,4.476190476,0.5878523
22,aim,purpose,4.363636364,0.4913742
23,aircraft,balloon,2.869565217,0.3055392
24,aircraft,yacht,2.434782609,0.3662605
25,alarm,horn,3.458333333,0.25053892
26,alarm,press,2.0,0.04788225
27,algorithm,search,1.863636364,0.18196695
28,alien,stranger,3.428571429,0.19160335
29,alloy,metal,3.954545455,0.54725367
30,alphabet,script,3.5,0.24505448
31,aluminum,oxygen,1.608695652,0.18261118
32,amount,distance,1.958333333,0.14687392
33,amount,number,4.136363636,0.45802978
34,amount,season,1.434782609,0.09351826
35,amusement,athletics,2.6,0.097714335
36,amusement,play,4.041666667,0.02167628
37,amusement,procedure,1.454545455,0.0060051647
38,anatomy,creation,2.565217391,0.035740778
39,animal,flora,2.0,0.26806766
40,animal,worm,2.72,0.18760522
41,ankle,joint,4.227272727,0.09240589
42,anniversary,birthday,3.727272727,0.63550365
43,answer,plea,2.44,0.12782969
44,apparel,dress,4.227272727,0.36389914
45,appearance,shadow,2.52173913,0.061207533
46,apple,bank,1.125,0.098478995
47,apple,orange,3.47826087,0.39203462
48,apple,pod,2.043478261,0.17623195
49,appliance,dryer,3.333333333,0.40072313
50,appliance,refrigerator,4.227272727,0.40414554
51,approach,swing,1.652173913,0.22982334
52,approval,encouragement,2.863636364,0.22114731
53,approving,interaction,2.0,-0.028190503
54,arc,rainbow,3.347826087,0.2020459
55,architecture,engineering,3.25,0.42526582
56,area,patio,2.545454545,0.2053911
57,area,region,4.318181818,0.568542
58,argument,evidence,3.045454545,0.40302193
59,argument,indication,1.772727273,0.21126717
60,arm,arrow,2.230769231,0.28732318
61,arm,missile,2.772727273,0.10707106
62,armor,mail,1.913043478,0.11141513
63,army,legion,3.285714286,0.31562647
64,aroma,fragrance,4.681818182,0.49516913
65,aroma,smell,4.19047619,0.7462228
66,arrangement,blizzard,1.25,0.006453624
67,arrangement,room,2.380952381,0.13030665
68,article,girl,1.208333333,0.07161868
69,artillery,gun,3.541666667,0.31728944
70,aspen,maple,2.791666667,0.44410816
71,ass,donkey,4.85,0.3451817
72,assembly,crowd,3.363636364,0.118336804
73,assets,capital,4.090909091,0.30602953
74,assets,credit,3.47826087,0.2780696
75,assets,income,4.038461538,0.37657982
76,association,organization,4.362318841,0.50262177
77,athlete,participant,3.458333333,0.2533724
78,athletics,racing,3.826086957,0.2874999
79,athletics,swimming,3.45,0.45306572
80,attitude,notice,1.486486486,0.15540446
81,attitude,study,1.88,0.04445814
82,attorney,lawyer,4.681818182,0.8204511
83,attraction,pressure,1.565217391,0.0886593
84,attraction,quality,2.347826087,0.055944514
85,attribute,condition,2.576923077,0.1268454
86,average,time,2.380952381,0.16192664
87,baby,computer,1.24,0.10761382
88,bail,bond,3.086956522,0.5878828
89,bait,instrument,2.090909091,0.04579308
90,bait,pump,1.208333333,0.12605543
91,bakery,work,2.541666667,0.06698978
92,bakery,workplace,3.0,0.18117338
93,balance,gauge,2.6,0.15483737
94,ball,egg,1.727272727,0.13399272
95,ball,nut,1.727272727,0.08725306
96,ball,poker,2.165217391,0.030368889
97,ball,sphere,4.142857143,0.109596826
98,band,circle,2.954545455,0.17012818
99,bar,needle,1.772727273,0.065719195
100,bar,rod,4.047619048,0.1639793
101,barrel,gallon,3.153846154,0.5364537
102,base,club,1.619047619,0.12710944
103,base,stock,2.476190476,0.04323095
104,baseball,softball,3.230769231,0.7089906
105,basin,vessel,4.076923077,0.2694582
106,basketball,hockey,2.782608696,0.61314636
107,basketball,squash,2.833333333,0.32573447
108,bathroom,chamber,2.681818182,0.13281709
109,battle,fight,4.583333333,0.7021284
110,bay,mere,1.583333333,0.05647603
111,beach,chain,1.047619048,0.10707829
112,beach,ridge,2.260869565,0.23729391
113,beam,column,2.961538462,0.13002731
114,beat,meter,1.92,0.09286188
115,beat,rhythm,4.363636364,0.3128632
116,bed,layer,2.136363636,0.093506485
117,bedroom,cell,2.136363636,0.1985635
118,bedroom,construction,2.208333333,0.091928236
119,bee,insect,4.043478261,0.5376728
120,beef,cattle,4.173913043,0.5763146
121,beef,meat,4.619047619,0.7286377
122,beginner,novice,4.166666667,0.62755716
123,behavior,purpose,2.304347826,0.062215693
124,belief,magic,2.565217391,0.15952672
125,belief,purpose,2.333333333,0.21697336
126,bench,seat,4.428571429,0.20160365
127,bend,curve,4.541666667,0.47315663
128,berry,citrus,3.0,0.5765047
129,bill,invoice,4.588235294,0.2755345
130,billboard,structure,3.0,0.1256145
131,bin,box,3.956521739,0.381256
132,bin,cup,2.217391304,0.22800073
133,binary,star,1.863636364,0.073678784
134,bird,creature,3.458333333,0.50896144
135,bird,solid,1.090909091,-0.03150169
136,birth,modification,1.434782609,0.03812478
137,bishop,priest,4.269230769,0.7934755
138,bit,tool,2.708333333,0.12037093
139,bite,breakfast,2.869565217,0.2429376
140,bite,taste,3.636363636,0.29592353
141,black,juvenile,1.238095238,0.12948535
142,blade,projector,1.434782609,0.2643125
143,blanket,sleeve,2.111111111,0.24158466
144,blizzard,rash,1.307692308,0.18423873
145,blow,contact,1.695652174,0.030442368
146,blue,red,3.272727273,0.7225173
147,board,commission,3.173913043,0.47836947
148,boat,ferry,4.083333333,0.60052973
149,boat,vessel,3.208333333,0.6984576
150,body,trunk,3.260869565,0.37316838
151,bond,security,3.904761905,0.100736454
152,bone,skull,4.272727273,0.50997365
153,book,encyclopedia,3.904761905,0.40086412
154,booklet,reference,3.380952381,0.22849081
155,boot,kick,3.173913043,0.3781042
156,boot,punch,1.75,0.20687719
157,bottom,sole,3.347826087,0.081244655
158,boy,male,4.52173913,0.32450095
159,boy,rover,2.0,0.07726674
160,brace,stand,2.913043478,0.11315121
161,brain,head,4.173913043,0.13305117
162,brake,click,1.761904762,0.11157953
163,branch,department,4.043478261,0.27556524
164,brand,knife,1.681818182,0.008174897
165,brand,surname,2.318181818,0.18288004
166,brandy,liquor,4.541666667,0.4093299
167,brass,executive,1.913043478,0.14083676
168,bread,bun,4.304347826,0.43261343
169,break,dash,2.916666667,0.1629081
170,break,insert,2.041666667,0.17101894
171,brick,cement,3.625,0.32213244
172,brick,strip,1.541666667,0.15492037
173,broadcast,packet,1.727272727,0.081489444
174,brochure,publication,3.875,0.20736027
175,brochure,reference,2.95,0.21058129
176,brother,member,2.583333333,0.1358829
177,brush,implement,2.47826087,0.05085381
178,budget,fund,4.0,0.38166112
179,buffer,cache,2.409090909,0.19961728
180,bug,child,1.276595745,0.07203868
181,build,flesh,1.833333333,0.034439377
182,building,cafe,3.142857143,0.21219197
183,bulb,onion,2.92,0.35584384
184,bulletin,news,4.666666667,0.37772387
185,bunny,server,1.25,0.04174621
186,burn,hurt,3.730769231,0.22546083
187,burning,flame,4.48,0.41200185
188,burning,punishment,2.52,0.10356564
189,burst,transformation,1.952380952,0.163338
190,business,disposition,1.583333333,0.11581074
191,business,railway,2.541666667,0.09772921
192,butter,stick,2.375,0.31809536
193,butterfly,comma,1.130434783,0.12865867
194,cab,taxi,4.476190476,0.75105584
195,cake,pie,3.545454545,0.5867396
196,calendar,circulation,1.695652174,0.073115565
197,calendar,system,1.916666667,0.07705017
198,call,meeting,2.727272727,0.20024922
199,call,statement,2.125,0.18656728
200,campaign,operation,2.826086957,0.26569903
201,candy,sweet,4.510638298,0.3450829
202,cap,covering,3.681818182,0.25894472
203,capital,seat,2.32,0.046349153
204,captain,officer,4.0,0.21985902
205,card,plastic,2.391304348,0.19011292
206,carriage,coach,3.708333333,-0.0043791863
207,cart,wagon,4.375,0.47518063
208,cartoon,wit,2.666666667,0.14618912
209,case,grip,2.12,0.06822123
210,case,luggage,3.68,0.14608765
211,case,tin,2.6,0.08988266
212,cast,fishing,2.6,0.09511565
213,cat,vision,1.431818182,0.021340933
214,category,flavor,2.428571429,0.1445393
215,cave,formation,2.347826087,0.13330874
216,ceiling,overhead,3.52,0.3256508
217,cement,glue,3.0,0.28643596
218,center,loss,1.304347826,0.07423599
219,century,decade,3.434782609,0.6030655
220,century,period,3.769230769,0.14901054
221,century,temperature,1.130434783,0.09948189
222,certificate,study,3.136363636,0.11113692
223,certificate,wave,1.145833333,0.027755206
224,chair,furniture,3.869565217,0.2761164
225,chair,rocker,2.826086957,0.1369541
226,chance,opportunity,4.590909091,0.7239693
227,chance,probability,4.619047619,0.37132984
228,chandler,retailer,2.130434783,0.1516061
229,change,decrease,3.0,0.3771621
230,change,move,3.434782609,0.4249569
231,channel,sound,3.2,0.08016107
232,character,vision,1.666666667,0.24365008
233,charge,damage,2.375,0.17173012
234,charge,tax,4.086956522,0.22514
235,check,draft,3.952380952,0.061821863
236,cheese,food,4.0,0.35976917
237,chemical,salt,3.590909091,0.24933933
238,chess,duty,1.166666667,-0.09396787
239,chick,hen,3.863636364,0.46162012
240,chicken,poultry,4.217391304,0.655916
241,chief,guru,3.904761905,0.30038756
242,child,kid,4.857142857,0.4754674
243,chin,feature,2.875,-0.013178642
244,choice,option,4.590909091,0.5115454
245,chuck,jaw,2.090909091,0.11162069
246,church,temple,4.347826087,0.48433524
247,circle,oval,3.347826087,0.28099677
248,citrus,orange,4.208333333,0.34716874
249,climb,mount,4.166666667,0.32009992
250,clock,timer,4.416666667,0.317478
251,cloth,satin,3.857142857,0.44971853
252,cloud,energy,1.727272727,0.13514373
253,club,society,3.869565217,0.20762011
254,coach,trainer,4.6,0.4173556
255,coat,newspaper,1.088888889,0.046910062
256,coat,roof,2.304347826,0.24117456
257,code,software,3.52,0.35378456
258,coffee,meeting,2.602941176,0.121105514
259,coin,currency,4.571428571,0.32449713
260,collapse,shock,3.043478261,0.29290554
261,collection,packet,2.772727273,0.10463986
262,collision,smash,3.904761905,0.33687955
263,color,purple,4.090909091,0.5209281
264,color,quality,2.407407407,0.27614757
265,coloring,yellow,3.791666667,0.40759608
266,comfort,relief,3.857142857,0.2708766
267,commander,editor,2.041666667,0.30545506
268,commerce,transport,2.739130435,0.28482965
269,commitment,guarantee,3.791666667,0.2599522
270,communication,message,4.083333333,0.290499
271,communication,statement,3.391304348,0.17444237
272,communication,tune,2.409090909,0.016869247
273,community,province,3.391304348,0.20996812
274,community,territory,2.739130435,0.16152945
275,company,distributor,3.523809524,0.4235365
276,company,establishment,3.833333333,0.10736075
277,comparison,scrutiny,2.727272727,0.2192763
278,compound,salt,3.045454545,0.03645503
279,conclusion,result,4.523809524,0.26138812
280,condition,status,4.090909091,0.27853352
281,conditions,weather,3.666666667,0.51808125
282,congress,sex,1.818181818,0.08995352
283,connection,keyboard,2.4,0.14032416
284,conservation,traveling,1.717391304,0.05651368
285,construction,window,2.761904762,0.027976621
286,continent,ground,2.791666667,0.16465841
287,control,driving,3.714285714,0.14286198
288,cook,printer,1.347826087,0.15016535
289,cooking,cuisine,4.25,0.51952434
290,copy,image,3.25,0.21214145
291,copy,work,3.125,0.17293286
292,cord,pick,1.590909091,0.0663801
293,cord,yarn,2.761904762,0.25635833
294,corridor,hall,4.041666667,0.20914564
295,corruption,house,1.255319149,0.060658872
296,cost,postage,3.086956522,0.37246546
297,cost,reward,2.80952381,0.18706453
298,couch,lounge,3.347826087,0.39867106
299,count,number,4.166666667,0.32043839
300,counter,furniture,2.3,0.079784036
301,country,playground,1.791666667,0.06605238
302,course,starter,2.666666667,0.011506043
303,court,drawer,1.272727273,0.07789749
304,court,tribunal,3.791666667,0.5196799
305,cousin,relation,4.043478261,0.08918697
306,cousin,relative,4.5,0.29645735
307,cover,feather,2.44,0.017070228
308,cover,hair,2.65,0.1252718
309,cover,sleeve,3.260869565,0.18215609
310,covering,skin,3.35,0.07687571
311,crack,hole,3.04,0.17486876
312,craft,trade,3.458333333,0.17483905
313,creation,stitch,2.68,0.11756605
314,creativity,vision,3.181818182,0.32731715
315,credit,sum,3.0,0.10113042
316,creek,stream,3.88,0.4357223
317,crew,society,2.0,0.11282312
318,crew,unit,3.590909091,0.15324059
319,crop,plant,4.083333333,0.20734356
320,crow,jay,2.217391304,0.36004776
321,crown,place,1.541666667,0.28323054
322,crush,push,2.181818182,0.3074694
323,cube,dice,3.925925926,0.21997076
324,cup,handbag,1.318181818,0.23449232
325,cup,son,1.086956522,0.059290443
326,current,flow,3.761904762,0.08659165
327,curve,rainbow,3.44,0.1008469
328,customers,mission,1.641304348,0.1287059
329,cut,meat,2.904761905,0.1450544
330,cutter,knife,4.458333333,0.29431367
331,cylinder,pen,2.227272727,0.18388483
332,dad,parent,4.545454545,0.276781
333,daisy,flower,4.5,0.5681578
334,damage,terms,1.761904762,0.054936577
335,danger,status,1.904761905,0.1113042
336,dash,sprint,3.375,0.44282317
337,dashboard,protection,2.173913043,0.101319194
338,database,list,4.08,0.361802
339,daughter,girl,4.04,0.64898646
340,day,shoes,1.288888889,0.123106614
341,deal,hand,3.041666667,0.069705255
342,debt,deficit,3.458333333,0.41728586
343,debt,loan,4.347826087,0.4969017
344,debt,possession,2.481481481,0.011560268
345,decision,option,2.909090909,0.23543087
346,decrease,increase,3.541666667,0.8370319
347,deep,ocean,3.636363636,0.26088113
348,deficit,trust,1.576923077,0.058430657
349,degree,quantity,2.681818182,0.1527235
350,degree,style,1.652173913,0.0831812
351,delivery,distribution,3.590909091,0.42278278
352,department,division,4.625,0.33124718
353,descent,fall,3.304347826,0.18825589
354,desert,tract,2.2,0.10852231
355,desire,feeling,4.227272727,0.3267295
356,desk,table,4.172413793,0.40456727
357,determination,discovery,2.608695652,0.21692517
358,determination,selection,2.75,0.13631985
359,development,exploitation,2.2,0.346949
360,device,drum,2.583333333,0.05341143
361,devil,satan,4.782608696,0.51373875
362,dialogue,play,3.44,0.19007288
363,diamond,parcel,1.217391304,0.17550646
364,digit,toe,2.64,0.099548765
365,digit,unit,3.681818182,0.13646203
366,dinner,party,3.826086957,0.2702083
367,direction,government,2.173913043,0.10408872
368,direction,protocol,3.142857143,0.06665599
369,direction,traveling,3.136363636,0.09378915
370,dirt,sand,3.391304348,0.5580169
371,dirt,soil,4.0,0.42408016
372,discharge,spark,2.782608696,-0.043840446
373,disease,illness,4.739130435,0.6003288
374,display,language,1.916666667,0.038281146
375,distance,distribution,1.739130435,-0.013814736
376,diversion,skiing,1.826086957,0.021778975
377,dividend,net,2.52,0.28527933
378,dividend,profit,4.045454545,0.35410336
379,diving,swim,3.96,0.4599348
380,dock,herb,1.238095238,-0.065113135
381,document,report,3.826086957,0.480361
382,dog,fauna,2.666666667,0.18985222
383,domain,land,2.523809524,0.2207487
384,door,light,1.577777778,0.07479645
385,doubt,ego,1.772727273,0.25755244
386,drama,genre,2.714285714,0.29649985
387,draw,finish,2.375,0.30211827
388,draw,tie,2.958333333,0.31372887
389,drawer,pan,1.818181818,0.21110247
390,dressing,patch,2.523809524,0.14904468
391,dressing,sauce,2.869565217,0.32633603
392,drill,implement,2.666666667,0.14498645
393,drink,slice,2.772727273,0.06334998
394,driver,supporter,2.090909091,0.16655496
395,driver,worker,3.1,0.37560737
396,drop,serving,2.136363636,0.0215403
397,drug,liquor,3.523809524,0.36254808
398,drug,operator,1.416666667,0.027726166
399,drum,piano,3.652173913,0.39795837
400,eagle,hawk,3.833333333,0.26419786
401,ear,organ,3.909090909,0.25384033
402,ease,relaxation,4.5,0.3131668
403,ease,rest,3.916666667,0.14888892
404,editing,instrument,1.64,0.07471393
405,editor,worker,3.125,0.19936989
406,eight,movement,1.318181818,0.05596772
407,element,iron,3.318181818,0.10932781
408,element,mixture,3.0,0.32457957
409,element,nickel,3.782608696,0.1365079
410,elevator,lift,4.72,0.20784386
411,emission,gum,1.25,0.06766386
412,employee,server,3.318181818,0.1907193
413,endorsement,signature,3.545454545,0.28239983
414,energy,microwave,3.583333333,0.18245557
415,engineering,technology,4.16,0.37565416
416,environment,land,3.090909091,0.14624208
417,equipment,recorder,3.391304348,0.17514418
418,equipment,seat,2.136363636,0.021784566
419,establishment,religion,2.173913043,0.15165304
420,event,influence,1.76,0.03524207
421,event,phenomenon,3.173913043,0.22803108
422,evidence,format,1.476190476,0.0081148725
423,evidence,record,3.681818182,0.1646672
424,examination,quiz,4.391304348,0.25589988
425,examiner,tea,1.3,-0.011503352
426,executive,minister,3.095238095,0.19448501
427,executive,organization,3.2,0.36890095
428,explanation,theory,3.652173913,0.36333296
429,express,mail,3.619047619,0.19967552
430,extract,selection,3.086956522,0.043566756
431,eye,organ,4.125,0.06567185
432,fabric,lace,3.625,0.47918984
433,fabric,sail,2.380952381,0.15661675
434,faith,religion,4.227272727,0.53862715
435,fantasy,recycling,1.125,0.025452811
436,farmer,individual,2.545454545,0.08733298
437,fault,mistake,4.541666667,0.44187033
438,fauna,toy,1.304347826,0.11016558
439,feature,side,1.833333333,0.12891383
440,feedback,flow,2.666666667,0.12233613
441,feeling,hope,3.48,0.32811946
442,female,slave,2.125,0.18799303
443,female,woman,4.96,0.49690485
444,fiction,literature,3.590909091,0.4626724
445,fiction,romance,2.476190476,0.41817737
446,field,science,3.0,0.1951485
447,field,yard,3.8,0.36171612
448,fight,separation,2.681818182,0.045014225
449,figure,stamp,1.88,0.208699
450,film,movie,4.912280702,0.867677
451,find,implementation,2.045454545,-0.066348605
452,find,occurrence,2.739130435,0.059000466
453,finger,toe,3.76,0.435135
454,flag,iris,1.708333333,0.16066542
455,flame,reaction,1.954545455,0.08897653
456,flash,lightning,3.96,0.34375593
457,flat,housing,3.96,0.13923255
458,flavor,variety,3.318181818,0.2193408
459,flight,trip,3.772727273,0.43602842
460,floor,level,3.333333333,0.22473808
461,floor,porch,2.739130435,0.3090866
462,flora,plant,4.384615385,0.23130386
463,flora,violet,3.347826087,0.36159796
464,flour,garlic,2.4,0.42991355
465,flower,pink,2.739130435,0.3710305
466,flute,wind,2.826086957,0.17460632
467,flyer,justice,1.181818182,0.011484297
468,food,sausage,3.913043478,0.30401015
469,foot,recognition,1.431372549,-0.04974273
470,football,rugby,3.208333333,0.56163174
471,forecast,message,2.5,0.07914921
472,forest,ground,2.681818182,0.09739312
473,form,type,3.909090909,0.30061948
474,format,packaging,2.47826087,0.21284588
475,format,style,4.086956522,0.35081643
476,foundation,support,3.913043478,0.2830377
477,fox,wolf,3.090909091,0.57000005
478,framework,grill,3.428571429,0.055172045
479,freeze,frost,4.0,0.37706754
480,friend,individual,2.791666667,0.008136147
481,front,school,1.48,0.015242944
482,front,surface,3.0,0.059064746
483,fruit,seed,3.818181818,0.2568777
484,fuel,gasoline,4.48,0.70660836
485,fuel,nutrition,2.428571429,0.12309304
486,fund,store,1.826086957,0.06470805
487,funds,interest,3.375,0.21880299
488,furniture,table,4.181818182,0.19831792
489,gamble,kitty,1.636363636,0.11351371
490,gamble,pyramid,1.380952381,0.08591549
491,game,tennis,4.166666667,0.3000977
492,garbage,rubbish,4.520833333,0.6797531
493,garden,plantation,3.55,0.29224473
494,garlic,meal,3.083333333,0.26718545
495,garment,sweater,3.7,0.38042423
496,garment,tie,3.636363636,0.1228859
497,gas,hydrogen,4.090909091,0.450172
498,gas,neon,3.869565217,0.10366966
499,gathering,parade,3.625,0.34954602
500,gauge,meter,3.863636364,0.20850274
501,gear,mechanism,4.090909091,0.10267884
502,gem,quartz,3.227272727,0.2641403
503,gender,sex,4.434782609,0.4571374
504,gender,size,1.571428571,0.23931366
505,genre,prose,2.363636364,0.36125806
506,glass,tub,2.88,0.39229226
507,glove,wear,3.416666667,0.17879629
508,goal,objective,4.590909091,0.4896921
509,golf,hockey,2.727272727,0.42976424
510,good,sheet,1.458333333,0.059991833
511,governor,mayor,3.666666667,0.53813934
512,governor,politician,4.125,0.46803358
513,graphic,image,4.318181818,0.3113564
514,grass,universe,1.76,-0.036814068
515,gray,property,1.5,0.02266273
516,grip,handle,4.047619048,0.2616636
517,grip,hold,4.391304348,0.33310872
518,growth,process,3.291666667,0.14539114
519,guarantee,warranty,4.230769231,0.30999067
520,guess,universe,1.243243243,0.17599498
521,gulf,ocean,3.227272727,0.38465357
522,hack,machine,2.458333333,0.22382246
523,hamburger,nutrition,3.041666667,0.23877308
524,hand,script,3.260869565,0.111645535
525,happening,surprise,2.708333333,0.18749635
526,head,question,1.24,0.06621278
527,head,secretary,1.909090909,0.38650435
528,health,welfare,3.5,0.50554425
529,hearing,proceedings,3.130434783,0.49503082
530,heart,space,1.583333333,0.079977326
531,heart,ticker,3.181818182,0.12700856
532,heat,temperature,4.25,0.5625721
533,height,infinite,2.434782609,0.11559936
534,helmet,scale,1.380952381,-0.021376992
535,help,support,4.619047619,0.4639649
536,help,supporter,3.833333333,0.08955659
537,heritage,loss,1.681818182,0.08208916
538,highway,street,3.545454545,0.4152851
539,highway,trail,2.863636364,0.4103436
540,hit,tourist,1.44,0.1651412
541,hole,opening,3.76,0.075505994
542,holiday,vacation,4.619047619,0.5512029
543,hood,protection,2.913043478,0.12288607
544,hood,shelter,2.571428571,0.092468016
545,horn,tail,2.692307692,0.33979604
546,horse,mount,2.875,0.2662916
547,hose,pipe,4.0,0.5512638
548,housing,vault,2.0,0.028348126
549,icon,representation,3.380952381,0.106004454
550,implement,stick,2.5,0.23292679
551,impulse,motive,2.869565217,0.22033513
552,impulse,urge,4.5,0.31548285
553,information,target,1.95,0.046109308
554,ink,liquid,3.64,0.27938202
555,installation,zoo,1.44,0.054278865
556,institution,prison,2.565217391,0.13376719
557,instruction,lesson,3.8,0.4439626
558,instruction,teaching,4.523809524,0.5560813
559,instrumentation,perfume,1.208333333,0.1260487
560,instrumentation,rod,2.863636364,0.18345162
561,intensity,quiet,2.181818182,0.2508765
562,interest,lien,2.541666667,0.1529273
563,intervention,treatment,2.363636364,0.3369496
564,inventory,listing,3.380952381,0.20938645
565,investment,tomato,1.155555556,0.05416252
566,jail,nick,1.782608696,0.1678129
567,jail,prison,4.739130435,0.8501914
568,jaw,lens,1.260869565,0.23879509
569,join,union,4.0,0.08406891
570,joke,message,2.636363636,0.24045908
571,journey,travel,4.8,0.38364086
572,judgment,sense,3.541666667,0.2299524
573,jumper,sweater,3.347826087,0.21705945
574,jury,school,1.476190476,0.04433111
575,justice,official,3.043478261,0.1171315
576,kiss,sweet,3.0,0.3637646
577,kitchen,toilet,2.545454545,0.4612505
578,knight,prince,3.375,0.5390364
579,knowledge,revolution,2.2,0.115942314
580,knowledge,taste,1.869565217,0.2219459
581,lake,stream,4.130434783,0.3049887
582,lamb,young,3.285714286,0.11978075
583,language,tongue,3.652173913,0.40057632
584,latex,rubber,3.913043478,0.53706396
585,law,personnel,1.772727273,0.06308927
586,layer,region,2.458333333,0.09131894
587,layer,snow,2.434782609,0.18260999
588,leader,politician,4.238095238,0.36607778
589,lesson,teaching,4.136363636,0.37008405
590,letter,text,3.84,0.26062274
591,level,stage,4.0,0.289671
592,license,permission,4.19047619,0.43883672
593,license,security,3.130434783,0.08131616
594,lien,share,2.136363636,0.09853864
595,life,story,3.0,0.24296105
596,line,occupation,2.260869565,-0.024817543
597,line,plane,2.833333333,0.03581305
598,line,queue,4.541666667,0.2661202
599,lineup,roll,2.958333333,0.23362198
600,link,union,3.583333333,-0.008245326
601,lion,tiger,3.565217391,0.5121041
602,literature,poem,3.76,0.37743485
603,load,weight,4.043478261,0.3729643
604,location,property,3.347826087,0.28368464
605,loss,possession,2.954545455,0.17126653
606,low,shoulder,1.387755102,0.1111028
607,lyric,printer,1.244444444,-0.0056601395
608,magnolia,maple,2.68,0.45928425
609,male,man,4.619047619,0.36962923
610,man,soldier,3.875,0.47526482
611,manager,trainer,3.347826087,0.25137883
612,map,representation,3.434782609,0.13660063
613,map,sewing,1.347826087,0.019068336
614,map,video,1.695652174,0.14042057
615,maple,tree,3.833333333,0.37405685
616,mark,print,2.954545455,0.11065651
617,mark,slash,3.304347826,0.07085498
618,mask,roof,1.782608696,0.1666494
619,mate,relation,3.434782609,0.08556486
620,matter,text,3.269230769,0.11348016
621,matter,verse,1.913043478,0.07409991
622,mayor,water,1.113636364,0.19315057
623,meal,mixture,2.272727273,0.15900575
624,meal,rice,4.0,0.3124736
625,measure,money,2.565217391,0.114070095
626,measure,twist,1.590909091,0.07373618
627,meat,solid,2.5,0.07907993
628,melody,music,4.5,0.5026151
629,memory,operation,2.043478261,-0.043665975
630,metal,zinc,3.956521739,0.45227876
631,meter,radar,2.954545455,0.10327422
632,microwave,radiation,3.454545455,0.29255193
633,middle,scene,1.4,0.0696949
634,minute,quantity,2.608695652,0.058520887
635,mode,scale,2.173913043,0.12049628
636,modification,surprise,1.714285714,0.09045108
637,moment,thief,1.242424242,0.060375985
638,mortal,mother,2.25,0.2186273
639,mortal,visitor,1.923076923,0.11830668
640,motion,snowboarding,2.363636364,0.12945075
641,motion,step,3.142857143,0.14204465
642,motive,reason,3.909090909,0.46465206
643,motorcycle,tank,2.043478261,0.13684443
644,mount,volcano,3.238095238,0.026841272
645,mouth,opening,3.304347826,0.08801995
646,mouth,trap,2.333333333,0.19733718
647,murphy,potato,1.173913043,0.070355244
648,museum,store,2.695652174,0.29335648
649,music,print,1.958333333,0.15326732
650,musician,performer,3.952380952,0.4626093
651,needle,sharp,3.954545455,0.2185415
652,noise,trouble,3.15,0.1810331
653,note,obligation,2.166666667,0.031419564
654,notebook,product,2.217391304,0.18720415
655,notebook,production,1.666666667,0.036093406
656,novel,story,4.363636364,0.38693446
657,oak,tree,4.576923077,0.46933156
658,objective,target,4.086956522,0.4496128
659,occasion,second,1.75,0.061042853
660,occupation,place,1.956521739,0.047056112
661,occurrence,tsunami,2.47826087,0.10254973
662,ocean,pond,3.545454545,0.40868807
663,office,outlet,2.142857143,0.17316686
664,office,situation,1.24,0.07544568
665,onion,topic,1.183673469,0.06403984
666,operation,processing,3.409090909,0.29026195
667,operative,spy,2.739130435,0.2776686
668,opinion,papers,1.72,0.22333291
669,opinion,sentiment,3.136363636,0.39947817
670,origin,root,4.333333333,0.21403502
671,outlet,shop,3.565217391,0.42450726
672,oxygen,substance,2.565217391,0.27026966
673,package,software,3.4,0.18900615
674,padding,tower,1.863636364,0.027868269
675,painting,picture,4.186046512,0.39200062
676,papers,security,2.4,0.04932807
677,papers,ticket,3.181818182,0.12096806
678,parcel,region,2.0,0.14054744
679,park,stadium,3.333333333,0.42554185
680,passage,quotation,3.666666667,0.18501751
681,patch,spot,3.181818182,0.21534528
682,payment,spending,3.708333333,0.18535759
683,permission,tolerance,2.04,0.03303836
684,person,technician,3.458333333,0.2412055
685,phantom,shadow,3.227272727,0.22346307
686,piazza,square,2.2,0.3404057
687,piece,sail,1.333333333,0.064763315
688,pinnacle,tower,3.083333333,0.16204028
689,place,position,4.230769231,0.35330093
690,plane,sheet,2.130434783,0.012617721
691,plane,tool,2.304347826,0.029351545
692,play,turn,2.681818182,0.25862256
693,plot,strategy,2.9,0.21347624
694,point,second,1.826086957,0.2396597
695,point,site,2.96,0.08778851
696,point,spot,4.2,0.24205802
697,polyester,textile,4.285714286,0.41755167
698,position,view,3.0,0.3051007
699,postage,rate,3.086956522,0.19582963
700,postage,signal,1.48,0.04842388
701,power,skill,3.16,0.20229436
702,prayer,request,3.36,0.1620506
703,problem,trouble,4.608695652,0.5327074
704,process,rule,2.5,0.18738872
705,process,tail,1.12,0.044570856
706,product,wear,2.041666667,0.02219626
707,property,texture,2.0,0.035217058
708,protection,roof,3.708333333,0.10772878
709,protocol,rule,4.090909091,0.3302033
710,publication,textbook,3.428571429,0.23540466
711,pumpkin,vine,2.409090909,0.39584646
712,pupil,student,4.523809524,0.512326
713,pyramid,speculation,1.7,0.0055767545
714,query,question,4.739130435,0.5472871
715,quiet,silence,4.909090909,0.4479717
716,racer,taxi,2.19047619,0.085311
717,radio,receiver,3.807692308,0.22807457
718,rain,storm,3.958333333,0.46110266
719,ray,shark,2.545454545,0.158805
720,recreation,skiing,3.090909091,0.3508871
721,red,wine,3.4,0.19148459
722,report,study,3.875,0.47369313
723,representative,voice,2.875,0.24272849
724,ring,water,1.333333333,0.04684194
725,rise,travel,1.608695652,0.09957276
726,rock,stone,4.476190476,0.37510186
727,roll,toast,2.826086957,0.23041533
728,root,stem,3.666666667,0.37598932
729,rub,wipe,4.227272727,0.37516922
730,rubber,stuff,2.1,0.15342657
731,rugby,soccer,3.260869565,0.47839552
732,sail,sheet,2.083333333,0.08471324
733,scandal,week,1.086956522,0.098197445
734,science,shelter,1.136363636,0.077227086
735,score,success,3.208333333,0.2039032
736,season,summer,4.045454545,0.54524213
737,season,winter,4.347826087,0.47219107
738,second,time,4.217391304,0.29564726
739,seminar,sweet,1.202898551,-0.015672054
740,sex,stance,1.476190476,0.049970582
741,share,stake,3.208333333,0.31010395
742,shelter,tent,4.25,0.37823036
743,shelter,wind,2.641791045,0.13277563
744,shirt,tiger,1.038461538,0.10913132
745,side,slope,3.08,0.36629847
746,sight,vision,4.818181818,0.34345743
747,simulation,theory,2.227272727,0.2348046
748,skull,tooth,2.590909091,0.5106143
749,slash,stroke,3.25,0.043747358
750,smash,success,2.791666667,0.16071025
751,snap,touch,2.038461538,0.26553568
752,software,writing,2.347826087,0.078087464
753,song,vocal,3.857142857,0.35347006
754,soup,spaghetti,3.0,0.5111918
755,soup,sweet,2.454545455,0.29220444
756,speech,word,4.045454545,0.2298788
757,steel,weapon,3.380952381,0.06618117
758,step,travel,2.086956522,0.113797575
759,step,walk,4.173913043,0.28858855
760,storm,weather,4.083333333,0.50321174
761,straight,stretch,3.291666667,0.3444349
762,sun,toy,1.25,0.014314207
763,tank,tub,3.52173913,0.32587302
764,taxpayer,window,1.21875,0.057783302
765,throne,toilet,1.956521739,0.11333771
766,ticket,writing,2.375,0.016153857
767,victory,watch,1.553191489,0.07631817
768,washer,worker,2.909090909,0.166694
769,wife,woman,3.884615385,0.444824
770,workplace,workshop,4.04,0.14502582
